<?xml version="1.0" encoding="UTF-8"?>
<?xml-model href="http://www.tei-c.org/release/xml/tei/custom/schema/relaxng/tei_all.rng" type="application/xml" schematypens="http://relaxng.org/ns/structure/1.0"?>
<?xml-model href="http://www.tei-c.org/release/xml/tei/custom/schema/relaxng/tei_all.rng" type="application/xml"
	schematypens="http://purl.oclc.org/dsdl/schematron"?>
<TEI xmlns="http://www.tei-c.org/ns/1.0">
  <teiHeader>
      <fileDesc>
         <titleStmt>
            <title>Title</title>
            <!-- bibliographic description of the digital resource -->
            <author>Author</author>
            <respStmt>
               <resp>Encoded by</resp>
               <name>Your Name</name>
            </respStmt>
         </titleStmt>
         <publicationStmt>
            <!-- information about how the resource is distributed -->
            <publisher>University of Toronto Scarborough</publisher>
            <date>2014</date>
            <pubPlace>Toronto, ON</pubPlace>
         </publicationStmt>
         <sourceDesc>
            <!-- information about the sources from which the digital resource is derived -->
            <bibl>From a Course Pack</bibl>
         </sourceDesc>
      </fileDesc>
  </teiHeader>
  <text>
      <body>
         <p>here is where you will structure your text and notes, using tags</p>
      </body>
  </text>
</TEI>
