<?xml version="1.0" encoding="UTF-8"?>
<?xml-model href="http://www.tei-c.org/release/xml/tei/custom/schema/relaxng/tei_lite.rng" type="application/xml" schematypens="http://relaxng.org/ns/structure/1.0"?>
<?xml-model href="http://www.tei-c.org/release/xml/tei/custom/schema/relaxng/tei_lite.rng" type="application/xml"
	schematypens="http://purl.oclc.org/dsdl/schematron"?>
<TEI xmlns="http://www.tei-c.org/ns/1.0">
   <teiHeader>
      <fileDesc>
         <titleStmt>
            <title>The Badger</title>
            <!-- bibliographic description of the digital resource -->
            <author>John Clare</author>
            <respStmt>
               <resp>Encoded by</resp>
               <name>Kirsta Stapelfeldt</name>
            </respStmt>
         </titleStmt>
         <publicationStmt>
            <!-- information about how the resource is distributed -->
            <publisher>University of Toronto Scarborough</publisher>
            <date>2020</date>
            <pubPlace>Toronto, ON</pubPlace>
         </publicationStmt>
         <sourceDesc>
            <!-- information about the sources from which the digital resource is derived -->
            <bibl>From a Course Pack</bibl>
         </sourceDesc>
      </fileDesc>
   </teiHeader>
   <text>
      <body>
         <div type="poem">
            <lg n="sonnet 1">
               <l n="1">The <name type="animal">badger</name> grunting on his <name type="place"
                     >woodland track</name></l>
               <l n="2">With shaggy hide and sharp nose scrowed <note type="gloss" place="foot"
                        ><p>This is a tricky word; could be regional dialect word. The OED suggests
                        it’s a Hampshire dialect word: &quot;Scrow, (1) Cross. (2) Angry, scowling.
                        (3) Dark, threatening, as weather, ‘A scrow night’.&quot; That doesn’t
                        really fit with Clare’s <name type="place">Northamptonshire location</name>.
                        For me, the usage here evokes the idea of ‘tinged’.</p></note> with
                  black</l>
               <l n="3">Roots in the bushes and the <name type="place">woods</name>, and makes</l>
               <l n="4">A great high burrow in the ferns and brakes.</l>
               <l n="5">With nose on ground he runs an awkward pace,</l>
               <l n="6">And anything will beat him in the race.</l>
               <l n="7">The shepherd's dog will run him to his den</l>
               <l n="8">Followed and hooted by the dogs and men.</l>
               <l n="9">The woodman when the hunting comes about</l>
               <l n="10">Goes round at night to stop the foxes out</l>
               <l n="11">And hurrying through the bushes to the chin</l>
               <l n="12">Breaks the old holes, and tumbles headlong in.</l>
            </lg>
            <lg n="sonnet 2">
               <l n="1">Some keep a baited badger <note type="gloss" place="foot"><p> refers to
                        badger-baiting, an &quot;entertainment&quot; (often scheduled as a public
                        event and used as a betting opportunity) in which a badger is caught,
                        chained, and set upon by dogs who the badger fights to the death. This
                        sonnet sequence also describes another form of baiting in which the badger
                        is caught by lining his burrow with a sack, set loose in the streets, chased
                        by dogs, beaten with stones and sticks by humans.</p></note> tame as hog</l>
               <l n="2"> And tame him till he follows like the dog.</l>
               <l n="3">They urge him on like dogs and show fair play.</l>
               <l n="4"> He beats and scarcely wounded goes away.</l>
               <l n="5"> Lapt up as if asleep, he scorns to fly</l>
               <l n="6"> And seizes any dog that ventures nigh.</l>
               <l n="7">Clapt like a dog, he never bites the men</l>
               <l n="8"> But worries dogs and hurries to his den.</l>
               <l n="9"> They let him out and turn a harrow down<note type="gloss" place="foot"
                        ><p>&quot;A heavy frame of timber (or iron) set with iron teeth or tines,
                        which is dragged over ploughed land to break clods, pulverize and stir the
                        soil, root up weeds, or cover in the seed&quot; (OED).</p></note></l>
               <l n="10"> And there he fights the host of all the town.</l>
               <l n="11"> He licks the patting hand, and tries to play</l>
               <l n="12"> And never tries to bite or run away,</l>
               <l n="13"> And runs away from the noise in hollow trees</l>
               <l n="14"> Burnt by the boys to get a swarm of bees. </l>
            </lg>
            <lg n="sonnet 3">
               <l n="1"> When midnight comes a host of dogs and men</l>
               <l n="2"> Go out and track the badger to his den,</l>
               <l n="3">And put a sack within the hole, and lie</l>
               <l n="4">Till the old grunting badger passes bye.</l>
               <l n="5">He comes and hears—they let the strongest loose. </l>
               <l n="6">The old fox hears the noise and drops the goose.<note type="author"
                     place="foot"><p>Clare’s note: &quot;The noise of the badger, is absolutely
                        frightful its cries are like those of a woman under the agonys of murder
                        &amp; in fact it is believd to be the noise of a spirit that has been
                        murderd.&quot; Quoted in Margaret Grainger, ed. John Clare: Natural History,
                        Prose Writings, (Oxford: Clarendon Press, 1983), p. 264.</p></note></l>
               <l n="7">The poacher shoots and hurries from the cry,</l>
               <l n="8">And the old hare half wounded buzzes bye.</l>
               <l n="9"> They get a forked stick to bear him down</l>
               <l n="10">And clap the dogs and take him to the town,</l>
               <l n="11">And bait him all the day with many dogs,</l>
               <l n="12">And laugh and shout and fright the scampering hogs.</l>
               <l n="13">He runs along and bites at all he meets:</l>
               <l n="14">They shout and hollo down the noisy streets.</l>
            </lg>
            <lg n="sonnet 4">
               <l n="1">He turns about to face the loud uproar</l>
               <l n="2">And drives the rebels to their very door.</l>
               <l n="3">The frequent stone is hurled where e'er they go;</l>
               <l n="4">When badgers fight, then every one's a foe.</l>
               <l n="5">The dogs are clapt <note type="gloss" place="foot"><p>&quot;To make a hard
                        explosive noise [a clap]. Said of agents, instruments, thunder, etc.&quot;
                        (OED).</p></note> and urged to join the fray;</l>
               <l n="6">The badger turns and drives them all away.</l>
               <l n="7">Though scarcely half as big, demure and small,</l>
               <l n="8">He fights with dogs for bones and beats them all.</l>
               <l n="9">The heavy mastiff, savage in the fray,</l>
               <l n="10">Lies down and licks his feet and turns away.</l>
               <l n="11">The bulldog knows his match and waxes cold,</l>
               <l n="12">The badger grins and never leaves his hold.</l>
               <l n="13">He drives the crowd and follows at their heels</l>
               <l n="14">And bites them through—the drunkard swears and reels.</l>
            </lg>
            <lg n="sonnet 5">
               <l n="1">The frighted women take the boys away,</l>
               <l n="2">The blackguard laughs and hurries on the fray.</l>
               <l n="3">He tries to reach the woods, an awkward race,</l>
               <l n="4">But sticks and cudgels quickly stop the chase.</l>
               <l n="5">He turns again and drives the noisy crowd</l>
               <l n="6">And beats the many dogs in noises loud.</l>
               <l n="7">He drives away and beats them every one,</l>
               <l n="8"> And then they loose them all and set them on.</l>
               <l n="9">He falls as dead and kicked by boys and men,</l>
               <l n="10">Then starts and grins and drives the crowd again;</l>
               <l n="11">Till kicked and torn and beaten out he lies</l>
               <l n="12">And leaves his hold and cackles, groans, and dies.</l>
            </lg>
         </div>
         <div type="notes">
            <note type="biographical" place="inline">
               <p> Lived:1793-1864. Born in Helpston, Northamptonshire, son of a farm labourer
                  Described as a “natural genius” began to write as a child, despite the fact that
                  his mother was illiterate and father was only marginally literate. At age 24, two
                  books of poetry were published by publishers Taylor and Hessey: Poems Descriptive
                  of Rural Life and Scenery (1820) and The Village Minstrel (1821). The first book
                  sold well, the second did not. He wrote prolifically. Many of his poems were not
                  published until the twentieth century. In 1836, Clare had a mental breakdown and
                  was hospitalized for four years. He never returned to complete health and spent
                  the last 23 years of his life in St. Andrew’s Asylum in Northampton.</p>
            </note>
            <note type="text" place="inline"><p>This poem was not published in Clare’s lifetime.
                  According to David Perkins, it was put together as a group of sonnets from the
                  Peterborough MS [manuscript] B9. Modern editions print various selections from the
                  sequence (often only 3 sonnets are printed) and they are often printed in a
                  different order. This is because there is no indication of Clare’s intentions in
                  the manuscript. David Perkins Romanticism and Animal Rights. (Cambridge: Cambridge
                  UP, 2003), p. 97.</p></note>
         </div>
      </body>
   </text>
</TEI>
